machine_name,model_name,board_name,lot_number,model_code,default_date,volume,rest_volume,line_code,productions,divisions_volume
GC01,VCB-NPB2F,DCP-133Z集合,1199487-20,Y8470696RA,2025-11-19,6000.0,0,GC17,"{datetime.datetime(2025, 11, 18, 0, 0): 6000}",20
GC01,VCB-MB551,DCP,1199489-10,Y8469650R,2025-11-28,1000.0,0,GC17,"{datetime.datetime(2025, 11, 28, 0, 0): 1000}",20
GC01,VCB-MB551,DCP,1199489-20,Y8469650R,2025-11-28,1000.0,0,GC17,"{datetime.datetime(2025, 11, 28, 0, 0): 1000}",20
GC01,VCB-H701,PS-977Z集合,-10,Y8470831R,2025-12-02,480.0,0,GT15,"{datetime.datetime(2025, 12, 5, 0, 0): 480}",10
GC01,VCB-H701,PS-977Z集合,-20,Y8470831R,2025-12-02,480.0,0,GT15,"{datetime.datetime(2025, 12, 5, 0, 0): 480}",10
GC01,VCB-N5B2B,DCP-58集合,1199441-10,Y8470344R,2025-11-07,,0,GC17,"{datetime.datetime(2025, 11, 16, 0, 0): 2400}",20
GC01,VCB-N5B2B,DCP-81Z集合,1199441-20,Y8470250R,2025-11-07,2400.0,0,GC17,"{datetime.datetime(2025, 11, 16, 0, 0): 2400}",20
GC01,VCB-NPB2F,DCP-81Z集合,1198843-10,Y8470346R,2025-10-29,,0,GC17,"{datetime.datetime(2025, 11, 16, 0, 0): 6000}",20
GC01,VCB-NPB2F,DCP-133Z集合,1198843-20,Y8470696RA,2025-10-29,6000.0,0,GC17,"{datetime.datetime(2025, 11, 16, 0, 0): 6000}",20
GC01,VCB-NPB2F,DCP-133Z集合,1199301-10,Y8470696RA,2025-11-06,6000.0,0,GC17,"{datetime.datetime(2025, 11, 16, 0, 0): 40}",20
GC01,VCB-NPB2F,DCP-133Z集合,1199301-20,Y8470696RA,2025-11-06,40.0,0,GC17,"{datetime.datetime(2025, 11, 16, 0, 0): 40}",20
GC01,VCB-NPB2F,DCP-133Z集合,1199429-10,Y8470696RA,2025-11-06,40.0,0,GC17,"{datetime.datetime(2025, 11, 16, 0, 0): 3000}",20
GC01,VCB-NPB2F,DCP-133Z集合,1199429-20,Y8470696RA,2025-11-06,3000.0,0,GC17,"{datetime.datetime(2025, 11, 16, 0, 0): 3000}",20
GC01,VCB-NPB2F,DCP-133Z集合,1199487-10,Y8470696RA,2025-11-19,3000.0,0,GC17,"{datetime.datetime(2025, 11, 16, 0, 0): 6000}",20
GC01,VCB-NPB2F,DCP-133Z集合,1200005-10,Y8470696RA,2025-12-18,6000.0,0,GC17,"{datetime.datetime(2025, 11, 16, 0, 0): 400}",20
GC01,VCB-NPB2F,DCP-133Z集合,1200005-20,Y8470696RA,2025-12-18,400.0,0,GC17,"{datetime.datetime(2025, 11, 16, 0, 0): 400}",20
GC01,VCB-NPB2F,DCP-133Z集合,1200007-10,Y8470696RA,2025-12-18,400.0,0,GC17,"{datetime.datetime(2025, 11, 16, 0, 0): 400}",20
GC01,VCB-NPB2F,DCP-133Z集合,1200007-20,Y8470696RA,2025-12-18,400.0,0,GC17,"{datetime.datetime(2025, 11, 16, 0, 0): 400}",20
GC01,VCB-NPB2F,DCP-133Z集合,1200021-10,Y8470696RA,2025-12-18,400.0,0,GC17,"{datetime.datetime(2025, 11, 16, 0, 0): 2000}",20
GC01,VCB-NPB2F,DCP-133Z集合,1200021-20,Y8470696RA,2025-12-18,2000.0,0,GC17,"{datetime.datetime(2025, 11, 16, 0, 0): 2000}",20
GC01,VCB-NPB2B,DCP-133Z集合,1199474-10,Y8470696RA,2025-11-06,460.0,0,GC17,"{datetime.datetime(2025, 11, 16, 0, 0): 1080}",20
GC01,VCB-NPB2B,DCP-133Z集合,1199474-20,Y8470695RA,2025-11-06,1080.0,0,GC17,"{datetime.datetime(2025, 11, 16, 0, 0): 1080}",20
GC01,VCB-NPB2B,DCP-133Z集合,1200023-10,Y8470695RA,2025-12-18,1080.0,0,GC17,"{datetime.datetime(2025, 11, 16, 0, 0): 7200}",20
GC01,VCB-NPB2B,DCP-133Z集合,1200023-20,Y8470695RA,2025-12-18,7200.0,0,GC17,"{datetime.datetime(2025, 11, 16, 0, 0): 7200}",20
GC01,FVA-M2ST,DCP-133Z集合,1199234-10,Y8470695RA,2025-10-28,,0,GC12,"{datetime.datetime(2025, 11, 17, 0, 0): 330}",2
GC01,FVA-M2ST,PB集合,1199234-20,Y8469645R,2025-10-28,330.0,0,GC12,"{datetime.datetime(2025, 11, 17, 0, 0): 330}",2
GC01,AAE005155-CCA,ﾑｾﾝｶｷｯﾄ集合,1199735-10,Y8470348R,2025-11-12,,0,GT30,"{datetime.datetime(2025, 11, 19, 0, 0): 780}",6
GC01,AAE005155-CCA,MAIN集合,1199736-10,Y8470839R,2025-11-12,780.0,0,GT30,"{datetime.datetime(2025, 11, 19, 0, 0): 780}",6
GC01,AAE005155-CDA,MAIN集合,1199737-10,Y8470839R,2025-11-12,780.0,0,GT30,"{datetime.datetime(2025, 11, 19, 0, 0): 210}",6
GC01,AAE005155-CDA,MAIN集合,1199738-10,Y8470840R,2025-11-12,210.0,0,GT30,"{datetime.datetime(2025, 11, 19, 0, 0): 210}",6
GC01,AAE005155-CAA,MAIN集合,1199739-10,Y8470840R,2025-11-12,210.0,0,GT30,"{datetime.datetime(2025, 11, 19, 0, 0): 5040}",6
GC01,AAE005155-CBA,MAIN集合,1199740-10,Y8470837R,2025-11-13,5040.0,0,GT30,"{datetime.datetime(2025, 11, 20, 0, 0): 540}",6
GC01,AAE005155-CCA,MAIN集合,1199741-10,Y8470838R,2025-11-13,540.0,0,GT30,"{datetime.datetime(2025, 11, 20, 0, 0): 990}",6
GC01,AAE005155-CCA,MAIN集合,1199900-10,Y8470839R,2025-11-19,990.0,0,GT30,"{datetime.datetime(2025, 11, 19, 0, 0): 990}",6
GC01,AAE005155-CCA,MAIN集合,1199901-10,Y8470839R,2025-11-19,990.0,0,GT30,"{datetime.datetime(2025, 11, 19, 0, 0): 990}",6
GC01,AAE005155-CAA,MAIN集合,1199902-10,Y8470839R,2025-11-18,990.0,0,GT30,"{datetime.datetime(2025, 11, 20, 0, 0): 5580}",6
GC02,HCE-V04-PMCKD.REV2,MAIN集合,1199981-20,Y8470819R,2025-12-02,1002.0,0,GT07,"{datetime.datetime(2025, 12, 3, 0, 0): 282, datetime.datetime(2025, 12, 4, 0, 0): 720}",6
GC02,VCB-H71,CCD,1198841-10,Y8468729RA,2025-10-24,150.0,0,GT15,"{datetime.datetime(2025, 11, 18, 0, 0): 150}",10
GC02,VCB-H71,CCD,1198841-20,Y8468729RA,2025-10-24,150.0,0,GT15,"{datetime.datetime(2025, 11, 18, 0, 0): 150}",10
GC02,VCB-H71,CCD,1199003-10,Y8468729RA,2025-10-24,50.0,0,GT15,"{datetime.datetime(2025, 11, 18, 0, 0): 50}",10
GC02,VCB-H71,CCD,1199003-20,Y8468729RA,2025-10-24,50.0,0,GT15,"{datetime.datetime(2025, 11, 18, 0, 0): 50}",10
GC02,VCB-H71,CCD,-10,Y8468729RA,2026-06-19,350.0,0,GT15,"{datetime.datetime(2025, 11, 18, 0, 0): 350}",10
GC02,VCB-H71,CCD,-20,Y8468729RA,2026-06-19,350.0,0,GT15,"{datetime.datetime(2025, 11, 18, 0, 0): 350}",10
GC02,VCB-N505I(SYX),PS,1197230-10,Y8469081RB,2025-07-04,,0,GT15,"{datetime.datetime(2025, 11, 20, 0, 0): 40}",20
GC02,VCB-N505I(SYX),AVP,1197230-20,Y8469323R,2025-07-04,40.0,0,GT15,"{datetime.datetime(2025, 11, 20, 0, 0): 40}",20
GC02,VCB-N505I(SYX),AVP,1197231-10,Y8469323R,2025-07-04,40.0,0,GT15,"{datetime.datetime(2025, 11, 20, 0, 0): 20}",20
GC02,VCB-N505I(SYX),AVP,1197231-20,Y8469323R,2025-07-04,20.0,0,GT15,"{datetime.datetime(2025, 11, 20, 0, 0): 20}",20
GC02,VCB-N505I(SYX),AVP,1197232-10,Y8469323R,2025-07-04,20.0,0,GT15,"{datetime.datetime(2025, 11, 20, 0, 0): 20}",20
GC02,VCB-N505I(SYX),PS,1197232-20,Y8469325R,2025-07-04,20.0,0,GT15,"{datetime.datetime(2025, 11, 20, 0, 0): 20}",20
GC02,VCB-N505I(SYX),PS,1197130-10,Y8469325R,2025-07-04,20.0,0,GT15,"{datetime.datetime(2025, 11, 20, 0, 0): 160}",20
GC02,VCB-N505I(SYX),AVP,1197130-20,Y8469323R,2025-07-04,160.0,0,GT15,"{datetime.datetime(2025, 11, 20, 0, 0): 160}",20
GC02,VCB-N508B,AVP,1197131-10,Y8469323R,2025-07-04,160.0,0,GT15,"{datetime.datetime(2025, 11, 20, 0, 0): 160}",20
GC02,VCB-N508B,PS,1197131-20,Y8469341R,2025-07-04,160.0,0,GT15,"{datetime.datetime(2025, 11, 20, 0, 0): 160}",20
GC02,HCE-V04-PMCKD.REV2,VPR2S,1199981-10,Y8469132R,2025-12-02,,0,GT07,"{datetime.datetime(2025, 11, 18, 0, 0): 1002}",6
GC03,CN-SNDFJ0CJ,771ANAVI,1199693-20,Y8470813R,2025-11-12,500.0,0,GC03,"{datetime.datetime(2025, 11, 14, 0, 0): 500}",1
GC03,AAE005155-CAA,MAIN集合,1199739-10,Y8470837R,2025-11-12,5040.0,0,GT30,"{datetime.datetime(2025, 11, 14, 0, 0): 2040}",6
GC03,AAE005155-CBA,MAIN集合,1199740-10,Y8470838R,2025-11-14,540.0,0,GT30,"{datetime.datetime(2025, 11, 17, 0, 0): 540}",6
GC03,AAE005155-CCA,MAIN集合,1199741-10,Y8470839R,2025-11-14,990.0,0,GT30,"{datetime.datetime(2025, 11, 17, 0, 0): 990}",6
GC03,AAE005155-CCA,MAIN集合,1199900-10,Y8470839R,2025-11-14,990.0,0,GT30,"{datetime.datetime(2025, 11, 17, 0, 0): 990}",6
GC03,CN-SNDFJ0CJ,771ANAVI,1199791-20,Y8470813R,2025-11-14,460.0,0,GC03,"{datetime.datetime(2025, 11, 17, 0, 0): 380, datetime.datetime(2025, 11, 18, 0, 0): 80}",1
GC03,CN-SNDFJ0CJ,771ANAVI,1199792-20,Y8470813R,2025-11-14,430.0,0,GC03,"{datetime.datetime(2025, 11, 18, 0, 0): 430}",1
GC03,CN-SNDFJ0CJ,771ANAVI,1199793-20,Y8470813R,2025-11-14,400.0,0,GC03,"{datetime.datetime(2025, 11, 18, 0, 0): 65, datetime.datetime(2025, 11, 19, 0, 0): 335}",1
GC03,AAE005155-CCA,MAIN集合,1199901-10,Y8470839R,2025-11-19,990.0,0,GT30,"{datetime.datetime(2025, 11, 19, 0, 0): 990}",6
GC03,AAE005155-CAA,MAIN集合,1199902-10,Y8470837R,2025-11-20,5580.0,0,GT30,"{datetime.datetime(2025, 11, 19, 0, 0): 2430, datetime.datetime(2025, 11, 20, 0, 0): 3150}",6
GC03,CN-SNDFJ0CJ,771ANAVI,1199794-20,Y8470813R,2025-11-19,400.0,0,GC03,"{datetime.datetime(2025, 11, 20, 0, 0): 360, datetime.datetime(2025, 11, 21, 0, 0): 40}",1
GC03,CN-SNDFJ0CJ,771ANAVI,1199971-20,Y8470813R,2025-11-20,400.0,0,GC03,"{datetime.datetime(2025, 11, 21, 0, 0): 400}",1
GC03,CN-SNDFJ0CJ,771ANAVI,1199972-20,Y8470813R,2025-11-20,400.0,0,GC03,"{datetime.datetime(2025, 11, 21, 0, 0): 135, datetime.datetime(2025, 11, 25, 0, 0): 265}",1
GC03,AAE005155-CCA,MAIN集合,1200071-10,Y8470839R,2025-11-25,990.0,0,GT30,"{datetime.datetime(2025, 11, 25, 0, 0): 990}",6
GC03,AAE005155-CCA,MAIN集合,1200072-10,Y8470839R,2025-11-25,240.0,0,GT30,"{datetime.datetime(2025, 11, 25, 0, 0): 240}",6
GC03,AAE005155-CCA,MAIN集合,1200073-10,Y8470839R,2025-11-25,990.0,0,GT30,"{datetime.datetime(2025, 11, 25, 0, 0): 990}",6
GC03,AAE005155-CAA,MAIN集合,1200075-10,Y8470837R,2025-11-25,5580.0,0,GT30,"{datetime.datetime(2025, 11, 25, 0, 0): 1590, datetime.datetime(2025, 11, 26, 0, 0): 3990}",6
GC03,CN-SNDFJ0CJ,771ANAVI,1199973-20,Y8470813R,2025-11-20,400.0,0,GC03,"{datetime.datetime(2025, 11, 26, 0, 0): 190, datetime.datetime(2025, 11, 27, 0, 0): 210}",1
GC03,CN-SNDFJ0CJ,771ANAVI,1199974-20,Y8470813R,2025-11-26,400.0,0,GC03,"{datetime.datetime(2025, 11, 27, 0, 0): 400}",1
GC03,CN-SNDFJ0CJ,771ANAVI,1199975-20,Y8470813R,2025-11-26,400.0,0,GC03,"{datetime.datetime(2025, 11, 28, 0, 0): 400}",1
GC03,NS-2250-16,NM,1199764-10,Y8469832R,2025-12-04,50.0,0,GC16,"{datetime.datetime(2025, 12, 4, 0, 0): 50}",1
GC03,NS-2250-16,NM,1199764-20,Y8469832R,2025-12-04,50.0,0,GC16,"{datetime.datetime(2025, 12, 4, 0, 0): 50}",1
GC03,AAE005155-CAA,MAIN集合,1200060-10,Y8470837R,2025-11-20,12.0,0,GT30,"{datetime.datetime(2025, 11, 22, 0, 0): 12}",6
GC03,AAE005155-CAA,MAIN集合,1200061-20,Y8470837R,2025-11-20,12.0,0,GT30,"{datetime.datetime(2025, 11, 22, 0, 0): 12}",6
GC04,CN-SNDFJ0CJ,772ALCD,1199698-20,Y8470815R,2025-11-12,500.0,0,GC03,"{datetime.datetime(2025, 11, 14, 0, 0): 500}",1
GC04,CN-SNDFJ0CJ,772ALCD,1199795-10,Y8470815R,2025-11-14,460.0,0,GC03,"{datetime.datetime(2025, 11, 14, 0, 0): 45}",1
GC04,CN-SNDFJ0CJ,772ALCD,1199795-20,Y8470815R,2025-11-14,460.0,0,GC03,"{datetime.datetime(2025, 11, 14, 0, 0): 75, datetime.datetime(2025, 11, 17, 0, 0): 385}",1
GC04,CN-SNDFJ0CJ,772ALCD,1199796-10,Y8470815R,2025-11-14,430.0,0,GC03,"{datetime.datetime(2025, 11, 17, 0, 0): 430}",1
GC04,CN-SNDFJ0CJ,772ALCD,1199797-10,Y8470815R,2025-11-14,400.0,0,GC03,"{datetime.datetime(2025, 11, 17, 0, 0): 205, datetime.datetime(2025, 11, 18, 0, 0): 195}",1
GC04,CN-SNDFJ0CJ,772ALCD,1199796-20,Y8470815R,2025-11-14,430.0,0,GC03,"{datetime.datetime(2025, 11, 18, 0, 0): 430}",1
GC04,CN-SNDFJ0CJ,772ALCD,1199797-20,Y8470815R,2025-11-14,400.0,0,GC03,"{datetime.datetime(2025, 11, 18, 0, 0): 400}",1
GC04,CN-SNDFJ0CJ,772ALCD,1199798-10,Y8470815R,2025-11-19,400.0,0,GC03,"{datetime.datetime(2025, 11, 19, 0, 0): 400}",1
GC04,CN-SNDFJ0CJ,772ALCD,1199798-20,Y8470815R,2025-11-19,400.0,0,GC03,"{datetime.datetime(2025, 11, 19, 0, 0): 110, datetime.datetime(2025, 11, 20, 0, 0): 290}",1
GC04,APRESIA3424GT-POE-K-DC110V,MAIN,1198543-10,Y8469171M,2025-11-20,4.0,0,GC01,"{datetime.datetime(2025, 11, 20, 0, 0): 4}",1
GC04,APRESIA3424GT-POE-K-DC110V,MAIN,1198557-10,Y8469171M,2025-11-20,24.0,0,GC01,"{datetime.datetime(2025, 11, 20, 0, 0): 24}",1
GC04,APRESIA3424GT-POE-K-DC24V,MAIN,1198550-10,Y8469165M,2025-11-20,6.0,0,GC01,"{datetime.datetime(2025, 11, 20, 0, 0): 6}",1
GC04,APRESIA3424GT-POE-K-DC110V,MAIN,1198543-20,Y8469171M,2025-11-20,4.0,0,GC01,"{datetime.datetime(2025, 11, 20, 0, 0): 4}",1
GC04,APRESIA3424GT-POE-K-DC110V,MAIN,1198557-20,Y8469171M,2025-11-20,24.0,0,GC01,"{datetime.datetime(2025, 11, 20, 0, 0): 24}",1
GC04,APRESIA3424GT-POE-K-DC24V,MAIN,1198550-20,Y8469165M,2025-11-20,6.0,0,GC01,"{datetime.datetime(2025, 11, 20, 0, 0): 6}",1
GC04,APRESIA3424GT-POE-K-DC110V,DC,1198545-10,Y8469173R,2025-11-20,4.0,0,GC01,"{datetime.datetime(2025, 11, 20, 0, 0): 4}",1
GC04,APRESIA3424GT-POE-K-DC110V,DC,1198559-10,Y8469173R,2025-11-20,24.0,0,GC01,"{datetime.datetime(2025, 11, 20, 0, 0): 24}",1
GC04,APRESIA3424GT-POE-K-DC24V,DC集合,1198552-10,Y8469167R,2025-11-20,6.0,0,GC01,"{datetime.datetime(2025, 11, 20, 0, 0): 6}",4
GC04,CN-SNDFJ0CJ,772ALCD,1199976-10,Y8470815R,2025-11-20,400.0,0,GC03,"{datetime.datetime(2025, 11, 20, 0, 0): 350, datetime.datetime(2025, 11, 21, 0, 0): 50}",1
GC04,CN-SNDFJ0CJ,772ALCD,1199976-20,Y8470815R,2025-11-20,400.0,0,GC03,"{datetime.datetime(2025, 11, 21, 0, 0): 400}",1
GC04,CN-SNDFJ0CJ,772ALCD,1199977-10,Y8470815R,2025-11-20,400.0,0,GC03,"{datetime.datetime(2025, 11, 21, 0, 0): 400}",1
GC04,CN-SNDFJ0CJ,772ALCD,1199978-10,Y8470815R,2025-11-20,400.0,0,GC03,"{datetime.datetime(2025, 11, 21, 0, 0): 170, datetime.datetime(2025, 11, 25, 0, 0): 230}",1
GC04,CN-SNDFJ0CJ,772ALCD,1199977-20,Y8470815R,2025-11-20,400.0,0,GC03,"{datetime.datetime(2025, 11, 25, 0, 0): 400}",1
GC04,CN-SNDFJ0CJ,772ALCD,1199978-20,Y8470815R,2025-11-20,400.0,0,GC03,"{datetime.datetime(2025, 11, 25, 0, 0): 400}",1
GC04,CN-SNDFJ0CJ,772ALCD,1199979-10,Y8470815R,2025-11-26,400.0,0,GC03,"{datetime.datetime(2025, 11, 26, 0, 0): 400}",1
GC04,CN-SNDFJ0CJ,772ALCD,1199979-20,Y8470815R,2025-11-26,400.0,0,GC03,"{datetime.datetime(2025, 11, 26, 0, 0): 110, datetime.datetime(2025, 11, 27, 0, 0): 290}",1
GC04,NS-2236,MAIN,1199662-10,Y8469581R,2025-11-27,50.0,0,GC16,"{datetime.datetime(2025, 11, 27, 0, 0): 50}",1
GC04,NS-2236,MAIN,1199662-20,Y8469581R,2025-11-27,50.0,0,GC16,"{datetime.datetime(2025, 11, 27, 0, 0): 50}",1
GC04,APRESIA3424GT-POE-K,MAIN,1198564-10,Y8469147M,2025-11-28,30.0,0,GC01,"{datetime.datetime(2025, 11, 27, 0, 0): 30}",1
GC04,APRESIA3424GT-POE-K,MAIN,1198564-20,Y8469147M,2025-11-28,30.0,0,GC01,"{datetime.datetime(2025, 11, 27, 0, 0): 30}",1
GC04,CN-SNDFJ0CJ,772ALCD,1199980-10,Y8470815R,2025-11-26,400.0,0,GC03,"{datetime.datetime(2025, 11, 27, 0, 0): 240, datetime.datetime(2025, 11, 28, 0, 0): 160}",1
GC04,CN-SNDFJ0CJ,772ALCD,1199980-20,Y8470815R,2025-11-26,400.0,0,GC03,"{datetime.datetime(2025, 11, 28, 0, 0): 400}",1
GC04,X2L-G2001,MAIN集合,1198259-10,Y8468910M,2025-12-02,9.0,0,GC01,"{datetime.datetime(2025, 12, 2, 0, 0): 9}",3
GC04,X2L-G2001,MAIN集合,1198259-20,Y8468910M,2025-12-02,9.0,0,GC01,"{datetime.datetime(2025, 12, 2, 0, 0): 9}",3
GC04,APRESIA3424GT-POE-K-DC110V,MAIN,1198569-10,Y8469171M,2025-12-03,36.0,0,GC01,"{datetime.datetime(2025, 12, 3, 0, 0): 36}",1
GC04,APRESIA3424GT-POE-K-DC110V,MAIN,1198569-20,Y8469171M,2025-12-03,36.0,0,GC01,"{datetime.datetime(2025, 12, 3, 0, 0): 36}",1
GC04,APRESIA3424GT-POE-K-DC110V,DC,1198571-10,Y8469173R,2025-12-03,36.0,0,GC01,"{datetime.datetime(2025, 12, 3, 0, 0): 36}",1
GC04,BMS-BOX GEN3.0,HV-MODULE集合,1199931-10,Y8470783R,2025-12-03,320.0,0,GT06,"{datetime.datetime(2025, 12, 3, 0, 0): 320}",1
GC04,BMS-BOX GEN3.0,BMS,1199930-10,Y8470781R,2025-12-03,320.0,0,GT06,"{datetime.datetime(2025, 12, 3, 0, 0): 320}",1
GC04,BMS-BOX GEN3.0,BMS,1199930-20,Y8470781R,2025-12-03,320.0,0,GT06,"{datetime.datetime(2025, 12, 3, 0, 0): 320}",1
GC04,NS-2250-48D,DDC集合,1199766-10,Y8469749R,2025-12-04,50.0,0,GC16,"{datetime.datetime(2025, 12, 4, 0, 0): 50}",3
GC04,NS-2250-48D,DDC集合,1199766-20,Y8469749R,2025-12-04,50.0,0,GC16,"{datetime.datetime(2025, 12, 4, 0, 0): 50}",3
GC04,CN-SNDFJ0CJ,772ALCD,1199281-10,Y8470815R,2025-11-07,400.0,0,GC03,"{datetime.datetime(2025, 11, 17, 0, 0): 2}",1
GC04,CN-SNDFJ0CJ,772ALCD,1199281-20,Y8470815R,2025-11-07,2.0,0,GC03,"{datetime.datetime(2025, 11, 17, 0, 0): 2}",1
GC04,CN-SNDFJ0CJ,772ALCD,1199914-10,Y8470815R,2025-12-17,2.0,0,GC03,"{datetime.datetime(2025, 11, 17, 0, 0): 5}",1
GC04,CN-SNDFJ0CJ,772ALCD,1199914-20,Y8470815R,2025-12-17,5.0,0,GC03,"{datetime.datetime(2025, 11, 17, 0, 0): 5}",1
GC04,BMS-BOX GEN3.0,772ALCD,1199379-10,Y8470815R,2025-11-04,5.0,0,GT06,"{datetime.datetime(2025, 11, 26, 0, 0): 10}",1
GC04,BMS-BOX GEN3.0,HV-MODULE集合,1199378-10,Y8470783R,2025-11-04,10.0,0,GT06,"{datetime.datetime(2025, 11, 26, 0, 0): 10}",1
GC04,BMS-BOX GEN3.0,BMS,1199378-20,Y8470781R,2025-11-04,10.0,0,GT06,"{datetime.datetime(2025, 11, 26, 0, 0): 10}",1
GC04,BMS-BOX GEN3.0,BMS,1199384-10,Y8470781R,2025-11-04,10.0,0,GT06,"{datetime.datetime(2025, 11, 26, 0, 0): 246}",1
GC04,BMS-BOX GEN3.0,HV-MODULE集合,1199383-10,Y8470783R,2025-11-04,246.0,0,GT06,"{datetime.datetime(2025, 11, 26, 0, 0): 246}",1
GC04,BMS-BOX GEN3.0,BMS,1199383-20,Y8470781R,2025-11-04,246.0,0,GT06,"{datetime.datetime(2025, 11, 26, 0, 0): 246}",1
GC04,BMS-BOX GEN3.0,BMS,1199933-10,Y8470781R,2026-01-07,320.0,0,GT06,"{datetime.datetime(2025, 11, 18, 0, 0): 256}",1
GC04,BMS-BOX GEN3.0,HV-MODULE集合,1199932-10,Y8470783R,2026-01-07,256.0,0,GT06,"{datetime.datetime(2025, 11, 18, 0, 0): 256}",1
GC04,BMS-BOX GEN3.0,BMS,1199932-20,Y8470781R,2026-01-07,256.0,0,GT06,"{datetime.datetime(2025, 11, 18, 0, 0): 256}",1
GC04,BMSBOX-ﾁｭｳｹｲﾕﾆｯﾄ TB 2,BMS,1184135-10,Y8470781R,2024-03-04,256.0,0,GT06,"{datetime.datetime(2025, 11, 18, 0, 0): 164}",1
GC04,BMSBOX-ﾁｭｳｹｲﾕﾆｯﾄ TB 2,HV-MODULE集合,1184136-10,Y8470715R,2024-03-04,164.0,0,GT06,"{datetime.datetime(2025, 11, 18, 0, 0): 164}",1
GC04,BMSBOX-ﾁｭｳｹｲﾕﾆｯﾄ TB 2,BMS,1184136-20,Y8470713R,2024-03-04,164.0,0,GT06,"{datetime.datetime(2025, 11, 18, 0, 0): 164}",1
GC04,NS-2236,BMS,1199035-10,Y8470713R,2025-11-05,164.0,0,GC16,"{datetime.datetime(2025, 11, 17, 0, 0): 50}",1
GC04,NS-2236,MAIN,1199035-20,Y8469581R,2025-11-05,50.0,0,GC16,"{datetime.datetime(2025, 11, 17, 0, 0): 50}",1
GC04,NS-2236,MAIN,1199890-10,Y8469581R,2025-12-15,50.0,0,GC16,"{datetime.datetime(2025, 11, 17, 0, 0): 100}",1
GC04,NS-2236,MAIN,1199890-20,Y8469581R,2025-12-15,100.0,0,GC16,"{datetime.datetime(2025, 11, 17, 0, 0): 100}",1
GC04,NS-2236,MAIN,-10,Y8469581R,2026-01-07,100.0,0,GC16,"{datetime.datetime(2025, 11, 17, 0, 0): 100}",1
GC04,NS-2236,MAIN,-20,Y8469581R,2026-01-07,100.0,0,GC16,"{datetime.datetime(2025, 11, 17, 0, 0): 100}",1
GC04,APRESIA12000-48GX-PSR REV.B,MAIN,1192501-10,Y8469443M,2025-02-04,20.0,0,GC01,"{datetime.datetime(2025, 11, 20, 0, 0): 16}",1
GC04,APRESIA12000-48GX-PSR REV.B,MAIN集合,1192501-20,Y8470698M,2025-02-04,16.0,0,GC01,"{datetime.datetime(2025, 11, 20, 0, 0): 16}",1
GC04,APRESIA12100-48GX-PSR,MAIN集合,1194939-10,Y8470528M,2025-05-13,50.0,0,GT10,"{datetime.datetime(2025, 11, 18, 0, 0): 75}",1
GC04,APRESIA12100-48GX-PSR,MAIN集合,1194939-20,Y8470528M,2025-05-13,75.0,0,GT10,"{datetime.datetime(2025, 11, 18, 0, 0): 75}",1
GC04,APRESIA12100-48X-PSR REV.B,MAIN集合,1191041-10,Y8470530M,2024-11-15,160.0,0,GT10,"{datetime.datetime(2025, 11, 18, 0, 0): 1}",1
GC04,APRESIA12100-48X-PSR REV.B,MAIN集合,1191041-20,Y8470690M,2024-11-15,1.0,0,GT10,"{datetime.datetime(2025, 11, 18, 0, 0): 1}",1
GC04,APRESIA13200-48X-PSR3,MAIN集合,1198243-10,Y8470690M,2025-10-02,1.0,0,GC01,"{datetime.datetime(2025, 11, 18, 0, 0): 52}",1
GC04,APRESIA13200-48X-PSR3,MAIN集合,1198243-20,Y8470686M,2025-10-02,52.0,0,GC01,"{datetime.datetime(2025, 11, 18, 0, 0): 52}",1
GC04,APRESIA13200-52GT REV.B,MAIN集合,1191510-10,Y8470686M,2024-12-03,52.0,0,GC01,"{datetime.datetime(2025, 11, 18, 0, 0): 1}",1
GC04,APRESIA13200-52GT REV.B,MAIN,1191510-20,Y8469454M,2024-12-03,1.0,0,GC01,"{datetime.datetime(2025, 11, 18, 0, 0): 1}",1
GC04,APRESIA13200-52GT-PSR2,MAIN,1183696-10,Y8469454M,2024-08-09,1.0,0,GC01,"{datetime.datetime(2025, 11, 18, 0, 0): 100}",1
GC04,APRESIA13200-52GT-PSR2,MAIN集合,1183696-20,Y8470526M,2024-08-09,100.0,0,GC01,"{datetime.datetime(2025, 11, 18, 0, 0): 100}",1
GC04,APRESIA3424GT-SS2,MAIN集合,1187120-10,Y8470526M,2024-08-20,100.0,0,GC01,"{datetime.datetime(2025, 11, 18, 0, 0): 9}",1
GC04,APRESIA3424GT-SS2,MAIN集合,1187120-20,Y8470517M,2024-08-20,9.0,0,GC01,"{datetime.datetime(2025, 11, 18, 0, 0): 9}",1
GC04,GMC-2001,DC,1197025-10,Y8469170R,2025-09-04,15.0,0,GC01,"{datetime.datetime(2025, 11, 18, 0, 0): 69}",3
GC04,GMC-2001,MAIN集合,1197025-20,Y8468908M,2025-09-04,69.0,0,GC01,"{datetime.datetime(2025, 11, 18, 0, 0): 69}",3
GC04,GMC-2001,MAIN集合,1198250-10,Y8468908M,2025-10-15,69.0,0,GC01,"{datetime.datetime(2025, 11, 18, 0, 0): 48}",3
GC04,GMC-2001,MAIN集合,1198250-20,Y8468908M,2025-10-15,48.0,0,GC01,"{datetime.datetime(2025, 11, 18, 0, 0): 48}",3
GC04,GMC-2001-DC48V,MAIN集合,1193508-10,Y8468908M,2025-04-04,48.0,0,GC01,"{datetime.datetime(2025, 11, 18, 0, 0): 23}",3
GC04,GMC-2001-DC48V,MAIN集合,1193508-20,Y8468977M,2025-04-04,23.0,0,GC01,"{datetime.datetime(2025, 11, 18, 0, 0): 23}",3
GC04,GMC-2101,MAIN集合,1198247-10,Y8468977M,2025-10-09,23.0,0,GC01,"{datetime.datetime(2025, 11, 18, 0, 0): 24}",6
GC04,GMC-2101,MAIN集合,1198247-20,Y8469149M,2025-10-09,24.0,0,GC01,"{datetime.datetime(2025, 11, 18, 0, 0): 24}",6
GC04,GMC-2101-DC48V,MAIN集合,1192765-10,Y8469149M,2025-03-05,44.0,0,GC01,"{datetime.datetime(2025, 11, 18, 0, 0): 30}",3
GC04,GMC-2101-DC48V,MAIN集合,1192765-20,Y8469150M,2025-03-05,30.0,0,GC01,"{datetime.datetime(2025, 11, 18, 0, 0): 30}",3
GC04,GMC-2101-DC48V/ALM,MAIN集合,1198254-10,Y8469446M,2025-10-23,9.0,0,GC01,"{datetime.datetime(2025, 11, 18, 0, 0): 12}",6
GC04,GMC-2101-DC48V/ALM,MAIN集合,1198254-20,Y8469448M,2025-10-23,12.0,0,GC01,"{datetime.datetime(2025, 11, 18, 0, 0): 12}",6
GC04,XGMC-2101X-DC48V/PSR(N),SUB集合,1198608-10,Y8470368R,2025-10-15,30.0,0,GC01,"{datetime.datetime(2025, 11, 20, 0, 0): 2}",2
GC04,XGMC-2101X-DC48V/PSR(N),MAIN集合,1198608-20,Y8470622M,2025-10-15,2.0,0,GC01,"{datetime.datetime(2025, 11, 20, 0, 0): 2}",2
GC04,XGMC-2101X-DC48V/PSR(N),MAIN集合,1198613-10,Y8470622M,2025-10-15,2.0,0,GC01,"{datetime.datetime(2025, 11, 20, 0, 0): 48}",2
GC04,XGMC-2101X-DC48V/PSR(N),MAIN集合,1198613-20,Y8470622M,2025-10-15,48.0,0,GC01,"{datetime.datetime(2025, 11, 20, 0, 0): 48}",2
GC04,XGMC-2101X-PSR,MAIN集合,1194927-10,Y8470622M,2025-05-26,48.0,0,GC01,"{datetime.datetime(2025, 11, 17, 0, 0): 20}",2
GC04,XGMC-2101X-PSR,MAIN集合,1194927-20,Y8470236M,2025-05-26,20.0,0,GC01,"{datetime.datetime(2025, 11, 17, 0, 0): 20}",2
GC04,XGMC-2101X-PSR(N),MAIN集合,1191020-10,Y8470236M,2025-01-09,20.0,0,GC01,"{datetime.datetime(2025, 11, 17, 0, 0): 70}",2
GC04,XGMC-2101X-PSR(N),MAIN集合,1191020-20,Y8470620M,2025-01-09,70.0,0,GC01,"{datetime.datetime(2025, 11, 17, 0, 0): 70}",2
GC04,XGMC-2101X-PSR(N),MAIN集合,1191024-10,Y8470620M,2025-01-10,70.0,0,GC01,"{datetime.datetime(2025, 11, 17, 0, 0): 5}",2
GC04,XGMC-2101X-PSR(N),MAIN集合,1191024-20,Y8470620M,2025-01-10,5.0,0,GC01,"{datetime.datetime(2025, 11, 17, 0, 0): 5}",2
GC04,XGML-2101LDW,MAIN集合,1195290-10,Y8470620M,2025-06-04,5.0,0,GC01,"{datetime.datetime(2025, 11, 17, 0, 0): 20}",2
GC04,XGML-2101LDW,MAIN集合,1195290-20,Y8470362M,2025-06-04,20.0,0,GC01,"{datetime.datetime(2025, 11, 17, 0, 0): 20}",2
GC04,XGML-2101LDW,MAIN集合,1195292-10,Y8470362M,2025-06-04,20.0,0,GC01,"{datetime.datetime(2025, 11, 17, 0, 0): 20}",2
GC04,XGML-2101LDW,SUB集合,1195292-20,Y8470364R,2025-06-04,20.0,0,GC01,"{datetime.datetime(2025, 11, 17, 0, 0): 20}",2
GC04,ST-9A0/2,MAIN集合,1170403-10,Y8470240M,2022-12-21,60.0,0,GT26,"{datetime.datetime(2025, 11, 16, 0, 0): 2}",2
GC04,ST-9A0/2,MO集合,1170403-20,Y8469456R,2022-12-21,150.0,0,GT26,"{datetime.datetime(2025, 11, 16, 0, 0): 2}",2
GC04,ST-5A0/2,MO集合,1184257-10,Y8469456R,2024-05-09,645.0,0,GT26,"{datetime.datetime(2025, 11, 17, 0, 0): 400}",2
GC04,ST-5A0/2,MO集合,1184257-20,Y8469458R,2024-05-09,400.0,0,GT26,"{datetime.datetime(2025, 11, 17, 0, 0): 400}",2
GC04,XC-M1,MO集合,1184556-10,Y8469458R,2024-03-18,400.0,0,GC14,"{datetime.datetime(2025, 11, 17, 0, 0): 200}",2
GC04,XC-M1,MO集合,1185802-10,Y8470326R,2024-04-24,200.0,0,GC14,"{datetime.datetime(2025, 11, 17, 0, 0): 202}",2
GC04,T-K6064,MO集合,1180448-10,Y8470326R,2023-11-02,202.0,0,GC15,"{datetime.datetime(2025, 11, 17, 0, 0): 500}",6
GC04,T-K6064,MAIN集合,1180448-20,Y8470043R,2023-11-02,500.0,0,GC15,"{datetime.datetime(2025, 11, 17, 0, 0): 500}",6
GC04,MERCURY1,MAIN集合,1186545-10,Y8470043R,2024-06-05,500.0,0,GT29,"{datetime.datetime(2025, 11, 17, 0, 0): 50}",1
GC04,MERCURY1,MAIN,1186545-20,Y8469288R,2024-06-05,50.0,0,GT29,"{datetime.datetime(2025, 11, 17, 0, 0): 50}",1
GC04,MERCURY1,MAIN,1186920-10,Y8469288R,2024-07-03,50.0,0,GT29,"{datetime.datetime(2025, 11, 17, 0, 0): 50}",1
GC04,MERCURY1,MAIN,1186920-20,Y8469288R,2024-07-03,50.0,0,GT29,"{datetime.datetime(2025, 11, 17, 0, 0): 50}",1
GC05,CN-SNDFJ0CJ,771ANAVI,1199792-10,Y8470813R,2025-11-14,430.0,0,GC03,"{datetime.datetime(2025, 11, 14, 0, 0): 135, datetime.datetime(2025, 11, 17, 0, 0): 295}",1
GC05,CN-SNDFJ0CJ,771ANAVI,1199793-10,Y8470813R,2025-11-14,400.0,0,GC03,"{datetime.datetime(2025, 11, 17, 0, 0): 90, datetime.datetime(2025, 11, 18, 0, 0): 310}",1
GC05,FH1622A0F,MAIN,1199555-10,Y8469892R,2025-11-19,90.0,0,GC20,"{datetime.datetime(2025, 11, 18, 0, 0): 40, datetime.datetime(2025, 11, 19, 0, 0): 50}",1
GC05,FH1622A0F,MAIN,1199757-10,Y8469892R,2025-11-19,60.0,0,GC20,"{datetime.datetime(2025, 11, 19, 0, 0): 60}",1
GC05,CN-SNDFJ0CJ,771ANAVI,1199794-10,Y8470813R,2025-11-19,400.0,0,GC03,"{datetime.datetime(2025, 11, 19, 0, 0): 400}",1
GC05,CN-SNDFJ0CJ,771ANAVI,1199971-10,Y8470813R,2025-11-20,400.0,0,GC03,"{datetime.datetime(2025, 11, 20, 0, 0): 400}",1
GC05,CN-SNDFJ0CJ,771ANAVI,1199972-10,Y8470813R,2025-11-20,400.0,0,GC03,"{datetime.datetime(2025, 11, 20, 0, 0): 110, datetime.datetime(2025, 11, 21, 0, 0): 290}",1
GC05,CN-SNDFJ0CJ,771ANAVI,1199973-10,Y8470813R,2025-11-20,400.0,0,GC03,"{datetime.datetime(2025, 11, 21, 0, 0): 400}",1
GC05,CN-SNDFJ0CJ,771ANAVI,1199974-10,Y8470813R,2025-11-26,400.0,0,GC03,"{datetime.datetime(2025, 11, 26, 0, 0): 400}",1
GC05,CN-SNDFJ0CJ,771ANAVI,1199975-10,Y8470813R,2025-11-26,400.0,0,GC03,"{datetime.datetime(2025, 11, 26, 0, 0): 110, datetime.datetime(2025, 11, 27, 0, 0): 290}",1
GC05,CN-SNDFJ0CJ,771ANAVI,1199971-20,Y8470813R,2025-11-20,400.0,0,GC03,"{datetime.datetime(2025, 11, 20, 0, 0): 400}",1
GC05,CN-SNDFJ0CJ,771ANAVI,1199972-20,Y8470813R,2025-11-20,400.0,0,GC03,"{datetime.datetime(2025, 11, 20, 0, 0): 400}",1
GC05,CN-SNDFJ0CJ,771ANAVI,1199973-20,Y8470813R,2025-11-20,400.0,0,GC03,"{datetime.datetime(2025, 11, 20, 0, 0): 400}",1
GC05,CN-SNDFJ0CJ,771ANAVI,1199974-20,Y8470813R,2025-11-26,400.0,0,GC03,"{datetime.datetime(2025, 11, 26, 0, 0): 400}",1
GC05,CN-SNDFJ0CJ,771ANAVI,1199975-20,Y8470813R,2025-11-26,400.0,0,GC03,"{datetime.datetime(2025, 11, 26, 0, 0): 400}",1
GC05,CN-SNDFJ0CJ,771ANAVI,1199140-10,Y8470813R,2025-10-30,400.0,0,GC03,"{datetime.datetime(2025, 11, 19, 0, 0): 6}",1
GC05,CN-SNDFJ0CJ,771ANAVI,1199140-20,Y8470813R,2025-10-30,6.0,0,GC03,"{datetime.datetime(2025, 11, 19, 0, 0): 6}",1
GC05,CN-SNDDJ0CJ,771ANAVI,1199615-10,Y8470813R,2025-10-31,6.0,0,GC03,"{datetime.datetime(2025, 11, 19, 0, 0): 15}",1
GC05,CN-SNDDJ0CJ,411CNAVI,1199615-20,Y8470722R,2025-10-31,15.0,0,GC03,"{datetime.datetime(2025, 11, 19, 0, 0): 15}",1
GC05,CN-SBDFJ0CJ,411CNAVI,1199142-10,Y8470722R,2025-11-04,15.0,0,GC03,"{datetime.datetime(2025, 11, 19, 0, 0): 4}",1
GC05,CN-SBDFJ0CJ,771BNAVI,1199142-20,Y8470817R,2025-11-04,4.0,0,GC03,"{datetime.datetime(2025, 11, 19, 0, 0): 4}",1
GC05,CN-SNDFJ0CJ,771BNAVI,1199144-10,Y8470817R,2025-11-05,4.0,0,GC03,"{datetime.datetime(2025, 11, 19, 0, 0): 1}",1
GC05,CN-SNDFJ0CJ,771ANAVI,1199144-20,Y8470813R,2025-11-05,1.0,0,GC03,"{datetime.datetime(2025, 11, 19, 0, 0): 1}",1
GC05,CN-SNDFJ0CJ,771ANAVI,1199471-10,Y8470813R,2025-11-12,1.0,0,GC03,"{datetime.datetime(2025, 11, 19, 0, 0): 7}",1
GC05,CN-SNDFJ0CJ,771ANAVI,1199471-20,Y8470813R,2025-11-12,7.0,0,GC03,"{datetime.datetime(2025, 11, 19, 0, 0): 7}",1
GC05,CN-SNDFJ0CJ,771ANAVI,1199759-10,Y8470813R,2025-12-03,7.0,0,GC03,"{datetime.datetime(2025, 11, 19, 0, 0): 1}",1
GC05,CN-SNDFJ0CJ,771ANAVI,1199759-20,Y8470813R,2025-12-03,1.0,0,GC03,"{datetime.datetime(2025, 11, 19, 0, 0): 1}",1
GC05,CN-SBDFJ0CJ,771ANAVI,1199913-10,Y8470813R,2025-12-15,1.0,0,GC03,"{datetime.datetime(2025, 11, 19, 0, 0): 5}",1
GC05,CN-SNDFJ0CJ,771BNAVI,1199915-10,Y8470817R,2025-12-17,5.0,0,GC03,"{datetime.datetime(2025, 11, 19, 0, 0): 1}",1
GC05,CN-SNDFJ0CJ,771ANAVI,1199916-10,Y8470813R,2025-12-17,1.0,0,GC03,"{datetime.datetime(2025, 11, 19, 0, 0): 1}",1
GC05,CN-SBDFJ0CJ,771ANAVI,1199913-20,Y8470813R,2025-12-15,1.0,0,GC03,"{datetime.datetime(2025, 11, 19, 0, 0): 5}",1
GC05,CN-SNDFJ0CJ,771BNAVI,1199915-20,Y8470817R,2025-12-17,5.0,0,GC03,"{datetime.datetime(2025, 11, 19, 0, 0): 1}",1
GC05,CN-SNDFJ0CJ,771ANAVI,1199916-20,Y8470813R,2025-12-17,1.0,0,GC03,"{datetime.datetime(2025, 11, 19, 0, 0): 1}",1
GC05,FH1212C0F,771ANAVI,1199732-10,Y8470813R,2025-11-28,1.0,0,GC20,"{datetime.datetime(2025, 11, 19, 0, 0): 100}",2
GC05,FH1212C0F,MAIN集合,1199732-20,Y8469909R,2025-11-28,100.0,0,GC20,"{datetime.datetime(2025, 11, 19, 0, 0): 100}",2
GC05,FH1212C0F,MAIN集合,-10,Y8469909R,2026-02-09,100.0,0,GC20,"{datetime.datetime(2025, 11, 19, 0, 0): 140}",2
GC05,FH1212C0F,MAIN集合,-20,Y8469909R,2026-02-09,140.0,0,GC20,"{datetime.datetime(2025, 11, 19, 0, 0): 140}",2
GC05,FH1622A0F,MAIN集合,1199312-10,Y8469909R,2025-11-05,140.0,0,GC20,"{datetime.datetime(2025, 11, 19, 0, 0): 170}",1
GC05,FH1682B0F,MAIN,1199054-10,Y8469892R,2025-10-27,80.0,0,GC20,"{datetime.datetime(2025, 11, 19, 0, 0): 180}",2
GC05,FH1682B0F,MAIN集合,1199054-20,Y8469888RA,2025-10-27,180.0,0,GC20,"{datetime.datetime(2025, 11, 19, 0, 0): 180}",2
GC05,FH1682B0F,MAIN集合,1199873-10,Y8469888RA,2025-12-08,180.0,0,GC20,"{datetime.datetime(2025, 11, 19, 0, 0): 38}",2
GC05,FH1682B0F,MAIN集合,1199873-20,Y8469888RA,2025-12-08,38.0,0,GC20,"{datetime.datetime(2025, 11, 19, 0, 0): 38}",2
GC06,CN-SNDFJ0CJ,770AMAIN,1199787-10,Y8470811R,2025-11-14,460.0,0,GC03,"{datetime.datetime(2025, 11, 14, 0, 0): 460}",1
GC06,CN-SNDFJ0CJ,770AMAIN,1199788-10,Y8470811R,2025-11-14,430.0,0,GC03,"{datetime.datetime(2025, 11, 14, 0, 0): 115, datetime.datetime(2025, 11, 17, 0, 0): 315}",1
GC06,CN-SNDFJ0CJ,770AMAIN,1199789-10,Y8470811R,2025-11-14,400.0,0,GC03,"{datetime.datetime(2025, 11, 17, 0, 0): 260, datetime.datetime(2025, 11, 18, 0, 0): 140}",1
GC06,CAM-009,CAM-009集合,1199231-10,Y8470133R,2025-11-17,1200.0,0,GC12,"{datetime.datetime(2025, 11, 18, 0, 0): 600, datetime.datetime(2025, 11, 19, 0, 0): 600}",8
GC06,CN-SNDFJ0CJ,770AMAIN,1199790-10,Y8470811R,2025-11-19,400.0,0,GC03,"{datetime.datetime(2025, 11, 19, 0, 0): 400}",1
GC06,CN-SNDFJ0CJ,770AMAIN,1199966-10,Y8470811R,2025-11-20,400.0,0,GC03,"{datetime.datetime(2025, 11, 20, 0, 0): 400}",1
GC06,CN-SNDFJ0CJ,770AMAIN,1199967-10,Y8470811R,2025-11-20,400.0,0,GC03,"{datetime.datetime(2025, 11, 20, 0, 0): 175, datetime.datetime(2025, 11, 21, 0, 0): 225}",1
GC06,CN-SNDFJ0CJ,770AMAIN,1199968-10,Y8470811R,2025-11-20,400.0,0,GC03,"{datetime.datetime(2025, 11, 21, 0, 0): 400}",1
GC06,CAM-009,CAM-009集合,1199723-10,Y8470133R,2025-11-25,1200.0,0,GC12,"{datetime.datetime(2025, 11, 25, 0, 0): 1200}",8
GC06,CN-SNDFJ0CJ,770AMAIN,1199969-10,Y8470811R,2025-11-26,400.0,0,GC03,"{datetime.datetime(2025, 11, 26, 0, 0): 400}",1
GC06,CN-SNDFJ0CJ,770AMAIN,1199970-10,Y8470811R,2025-11-26,400.0,0,GC03,"{datetime.datetime(2025, 11, 26, 0, 0): 30, datetime.datetime(2025, 11, 27, 0, 0): 370}",1
GC06,CAM-009,CAM-009集合,1199896-10,Y8470133R,2025-12-02,1200.0,0,GC12,"{datetime.datetime(2025, 12, 2, 0, 0): 1200}",8
GC06,NXR-G240,KUMQUAT MAIN,1199478-10,Y8470171R,2025-12-02,100.0,0,GT05,"{datetime.datetime(2025, 12, 3, 0, 0): 100}",1
GC06,NXR-G240,KUMQUAT MAIN,1199481-10,Y8470171R,2025-12-02,50.0,0,GT05,"{datetime.datetime(2025, 12, 3, 0, 0): 50}",1
GC06,NXR-G240,KUMQUAT MAIN,1199478-20,Y8470171R,2025-12-02,100.0,0,GT05,"{datetime.datetime(2025, 12, 3, 0, 0): 100}",1
GC06,NXR-G240,KUMQUAT MAIN,1199481-20,Y8470171R,2025-12-02,50.0,0,GT05,"{datetime.datetime(2025, 12, 3, 0, 0): 50}",1
GC06,NXR-G240/L,KUMQUAT MAIN,1199377-10,Y8470174R,2025-12-05,1.0,0,GT05,"{datetime.datetime(2025, 12, 5, 0, 0): 1}",1
GC06,NXR-G240/L,KUMQUAT MAIN,1199618-10,Y8470174R,2025-12-05,100.0,0,GT05,"{datetime.datetime(2025, 12, 5, 0, 0): 100}",1
GC06,NXR-G240/L,KUMQUAT MAIN,1199377-20,Y8470174R,2025-12-05,1.0,0,GT05,"{datetime.datetime(2025, 12, 5, 0, 0): 1}",1
GC06,NXR-G240/L,KUMQUAT MAIN,1199618-20,Y8470174R,2025-12-05,100.0,0,GT05,"{datetime.datetime(2025, 12, 5, 0, 0): 100}",1
GC06,CN-SNDDJ0CJ,410BMAIN,1199667-10,Y8470720R,2025-11-07,1.0,0,GC03,"{datetime.datetime(2025, 11, 16, 0, 0): 1}",1
GC06,CN-SNDFJ0CJ,770AMAIN,1199966-20,Y8470811R,2025-11-20,400.0,0,GC03,"{datetime.datetime(2025, 11, 20, 0, 0): 400}",1
GC06,CN-SNDFJ0CJ,770AMAIN,1199967-20,Y8470811R,2025-11-20,400.0,0,GC03,"{datetime.datetime(2025, 11, 20, 0, 0): 400}",1
GC06,CN-SNDFJ0CJ,770AMAIN,1199968-20,Y8470811R,2025-11-20,400.0,0,GC03,"{datetime.datetime(2025, 11, 20, 0, 0): 400}",1
GC06,CN-SNDFJ0CJ,770AMAIN,1199969-20,Y8470811R,2025-11-26,400.0,0,GC03,"{datetime.datetime(2025, 11, 26, 0, 0): 400}",1
GC06,CN-SNDFJ0CJ,770AMAIN,1199970-20,Y8470811R,2025-11-26,400.0,0,GC03,"{datetime.datetime(2025, 11, 26, 0, 0): 400}",1
GC06,CN-SNDFJ0CJ,770AMAIN,1199143-10,Y8470811R,2025-11-05,400.0,0,GC03,"{datetime.datetime(2025, 11, 19, 0, 0): 1}",1
GC06,CN-SNDFJ0CJ,770AMAIN,1199143-20,Y8470811R,2025-11-05,1.0,0,GC03,"{datetime.datetime(2025, 11, 19, 0, 0): 1}",1
GC06,CN-SNDDJ0CJ,410BMAIN,1199667-20,Y8470720R,2025-11-07,1.0,0,GC03,"{datetime.datetime(2025, 11, 19, 0, 0): 1}",1
GC06,CN-SNDDJ0CJ,410BMAIN,1199469-10,Y8470720R,2025-11-17,1.0,0,GC03,"{datetime.datetime(2025, 11, 19, 0, 0): 1}",1
GC06,CN-SNDDJ0CJ,410BMAIN,1199469-20,Y8470720R,2025-11-17,1.0,0,GC03,"{datetime.datetime(2025, 11, 19, 0, 0): 1}",1
GC06,CN-SNDFJ0CJ,410BMAIN,1199666-10,Y8470720R,2025-11-28,1.0,0,GC03,"{datetime.datetime(2025, 11, 19, 0, 0): 4}",1
GC06,CN-SNDFJ0CJ,770AMAIN,1199666-20,Y8470811R,2025-11-28,4.0,0,GC03,"{datetime.datetime(2025, 11, 19, 0, 0): 4}",1
GC06,NXR-G240,KUMQUAT MAIN,1199919-10,Y8470171R,2025-12-29,50.0,0,GT05,"{datetime.datetime(2025, 11, 17, 0, 0): 50}",1
GC06,NXR-G240,KUMQUAT MAIN,1199919-20,Y8470171R,2025-12-29,50.0,0,GT05,"{datetime.datetime(2025, 11, 17, 0, 0): 50}",1
GC06,NXR-G240,KUMQUAT MAIN,-10,Y8470171R,2026-03-03,50.0,0,GT05,"{datetime.datetime(2025, 11, 17, 0, 0): 200}",1
GC06,NXR-G240,KUMQUAT MAIN,-20,Y8470171R,2026-03-03,200.0,0,GT05,"{datetime.datetime(2025, 11, 17, 0, 0): 200}",1
GC06,NXR-G260,KUMQUAT MAIN,1199292-10,Y8470372R,2025-11-07,,0,GT05,"{datetime.datetime(2025, 11, 18, 0, 0): 130}",1
GC06,NXR-G260,LOQUAT MAIN,1199292-20,Y8470180R,2025-11-07,130.0,0,GT05,"{datetime.datetime(2025, 11, 18, 0, 0): 130}",1
GC06,NXR-G260/L,LOQUAT MAIN,1193505-10,Y8470180R,2025-04-17,130.0,0,GT05,"{datetime.datetime(2025, 11, 20, 0, 0): 70}",1
GC06,NXR-G260/L,LOQUAT MAIN,1193505-20,Y8470169R,2025-04-17,70.0,0,GT05,"{datetime.datetime(2025, 11, 20, 0, 0): 70}",1
GC06,CAM-009,LOQUAT MAIN,1198375-10,Y8470169R,2025-09-16,70.0,0,GC12,"{datetime.datetime(2025, 11, 17, 0, 0): 152}",8
GC06,CAM-009,CAM-009集合,1198377-10,Y8470133R,2025-09-22,152.0,0,GC12,"{datetime.datetime(2025, 11, 17, 0, 0): 160}",8
GC06,CAM-009,CAM-009集合,1198464-10,Y8470133R,2025-09-26,160.0,0,GC12,"{datetime.datetime(2025, 11, 17, 0, 0): 600}",8
GC06,CAM-009,CAM-009集合,1198501-10,Y8470133R,2025-10-06,600.0,0,GC12,"{datetime.datetime(2025, 11, 17, 0, 0): 600}",8
GC06,CAM-009,CAM-009集合,1198503-10,Y8470133R,2025-10-15,600.0,0,GC12,"{datetime.datetime(2025, 11, 17, 0, 0): 600}",8
GC06,CAM-009,CAM-009集合,1198505-10,Y8470133R,2025-10-21,600.0,0,GC12,"{datetime.datetime(2025, 11, 17, 0, 0): 600}",8
GC06,CAM-009,CAM-009集合,1198507-10,Y8470133R,2025-10-24,600.0,0,GC12,"{datetime.datetime(2025, 11, 17, 0, 0): 600}",8
GC06,CAM-009,CAM-009集合,1199227-10,Y8470133R,2025-10-29,600.0,0,GC12,"{datetime.datetime(2025, 11, 17, 0, 0): 1200}",8
GC06,CAM-009,CAM-009集合,1199229-10,Y8470133R,2025-11-07,1200.0,0,GC12,"{datetime.datetime(2025, 11, 17, 0, 0): 1200}",8
GC07,FH1230B2F,MAIN集合,1199558-20,Y8469901R,2025-11-19,120.0,0,GC18,"{datetime.datetime(2025, 11, 18, 0, 0): 120}",10
GC07,FH1578B0F,MAIN,1199551-10,Y8469896R,2025-11-18,180.0,0,GC18,"{datetime.datetime(2025, 11, 18, 0, 0): 180}",1
GC07,FH1578B0F,MAIN,1199860-10,Y8469896R,2025-11-18,120.0,0,GC18,"{datetime.datetime(2025, 11, 18, 0, 0): 95, datetime.datetime(2025, 11, 19, 0, 0): 25}",1
GC07,FH1578B0F,MAIN,1199551-20,Y8469896R,2025-11-18,180.0,0,GC18,"{datetime.datetime(2025, 11, 19, 0, 0): 180}",1
GC07,FH1578B0F,MAIN,1199860-20,Y8469896R,2025-11-18,120.0,0,GC18,"{datetime.datetime(2025, 11, 19, 0, 0): 120}",1
GC07,RECORDER_UNIT,MAIN集合,1199413-10,Y8469975R,2025-11-13,70.0,0,GC25,"{datetime.datetime(2025, 11, 19, 0, 0): 60}",10
GC07,RECORDER_UNIT,MAIN集合,1199415-10,Y8469975R,2025-11-13,50.0,0,GC25,"{datetime.datetime(2025, 11, 19, 0, 0): 50}",10
GC07,RECORDER_UNIT,MAIN集合,1200063-10,Y8469975R,2025-11-19,150.0,0,GC25,"{datetime.datetime(2025, 11, 19, 0, 0): 150}",10
GC07,RECORDER_UNIT,MAIN集合,1199413-20,Y8469975R,2025-11-13,70.0,0,GC25,"{datetime.datetime(2025, 11, 20, 0, 0): 60}",10
GC07,RECORDER_UNIT,MAIN集合,1199415-20,Y8469975R,2025-11-13,50.0,0,GC25,"{datetime.datetime(2025, 11, 20, 0, 0): 50}",10
GC07,RECORDER_UNIT,MAIN集合,1200063-20,Y8469975R,2025-11-19,150.0,0,GC25,"{datetime.datetime(2025, 11, 20, 0, 0): 150}",10
GC07,VCB-T2C4,DCP-122Z集合,1199438-10,Y8470730R,2025-11-20,2400.0,0,GT13,"{datetime.datetime(2025, 11, 20, 0, 0): 2400}",20
GC07,VCB-T2C4,DCP-122Z集合,1199438-20,Y8470730R,2025-11-20,2400.0,0,GT13,"{datetime.datetime(2025, 11, 20, 0, 0): 2400}",20
GC07,VCB-T5C4F,DCP-122Z集合,1199431-10,Y8470732R,2025-11-20,4800.0,0,GT13,"{datetime.datetime(2025, 11, 20, 0, 0): 4800}",20
GC07,VCB-T5C4F,DCP-122Z集合,1200062-10,Y8470732R,2025-11-20,20.0,0,GT13,"{datetime.datetime(2025, 11, 20, 0, 0): 20}",20
GC07,VCB-T5C4F,DCP-122Z集合,1199431-20,Y8470732R,2025-11-20,4800.0,0,GT13,"{datetime.datetime(2025, 11, 21, 0, 0): 4800}",20
GC07,VCB-T5C4F,DCP-122Z集合,1200062-20,Y8470732R,2025-11-20,20.0,0,GT13,"{datetime.datetime(2025, 11, 21, 0, 0): 20}",20
GC07,FH1502D0F,MAIN集合,1199580-10,Y8469922R,2025-11-21,64.0,0,GC18,"{datetime.datetime(2025, 11, 21, 0, 0): 40, datetime.datetime(2025, 11, 25, 0, 0): 24}",2
GC07,FH1502D0F,MAIN集合,1199580-20,Y8469922R,2025-11-21,64.0,0,GC18,"{datetime.datetime(2025, 11, 25, 0, 0): 64}",2
GC07,FH1433B1F,MAIN集合,1199761-10,Y8469893R,2025-11-21,168.0,0,GC18,"{datetime.datetime(2025, 11, 25, 0, 0): 168}",1
GC07,FH1268A0F,MAIN集合,1199729-10,Y8469913R,2025-11-21,20.0,0,GC18,"{datetime.datetime(2025, 11, 25, 0, 0): 20}",5
GC07,FH1268A0F,MAIN集合,1199876-10,Y8469913R,2025-11-21,20.0,0,GC18,"{datetime.datetime(2025, 11, 25, 0, 0): 20}",5
GC07,FH1268A0F,MAIN集合,1199729-20,Y8469913R,2025-11-21,20.0,0,GC18,"{datetime.datetime(2025, 11, 25, 0, 0): 20}",5
GC07,FH1268A0F,MAIN集合,1199876-20,Y8469913R,2025-11-21,20.0,0,GC18,"{datetime.datetime(2025, 11, 25, 0, 0): 20}",5
GC07,FH1816A0F,ﾘﾓｰﾄIO,1199621-10,Y8470088R,2025-11-21,40.0,0,GC18,"{datetime.datetime(2025, 11, 25, 0, 0): 40}",1
GC07,FH1816A0F,ﾘﾓｰﾄIO,1199621-20,Y8470088R,2025-11-21,40.0,0,GC18,"{datetime.datetime(2025, 11, 25, 0, 0): 40}",1
GC07,PCB-24991 M-INPUT-BOX BD,INPUT-BOX,1199649-10,Y8470095R,2025-11-26,1.0,0,GC25,"{datetime.datetime(2025, 11, 25, 0, 0): 1}",1
GC07,PCB-2499 INPUT-BOX BD,INPUT-BOX,1199646-10,Y8469971R,2025-11-26,192.0,0,GC25,"{datetime.datetime(2025, 11, 25, 0, 0): 192}",1
GC07,PCB-24991 M-INPUT-BOX BD,INPUT-BOX,1199649-20,Y8470095R,2025-11-26,1.0,0,GC25,"{datetime.datetime(2025, 11, 26, 0, 0): 1}",1
GC07,PCB-2499 INPUT-BOX BD,INPUT-BOX,1199646-20,Y8469971R,2025-11-26,192.0,0,GC25,"{datetime.datetime(2025, 11, 26, 0, 0): 192}",1
GC07,PCB-2533 LCD BD,LCD集合,1199923-10,Y8470627R,2025-11-26,100.0,0,GC25,"{datetime.datetime(2025, 11, 27, 0, 0): 100}",2
GC07,PCB-2498 LCD BD,LCD集合,1199924-10,Y8469966R,2025-11-26,100.0,0,GC25,"{datetime.datetime(2025, 11, 27, 0, 0): 100}",2
GC07,PCB-2533 LCD BD,LCD集合,1199923-20,Y8470627R,2025-11-26,100.0,0,GC25,"{datetime.datetime(2025, 11, 27, 0, 0): 100}",2
GC07,PCB-2498 LCD BD,LCD集合,1199924-20,Y8469966R,2025-11-26,100.0,0,GC25,"{datetime.datetime(2025, 11, 27, 0, 0): 100}",2
GC07,PCB-2502 POWER-SW BD,POWER-SW集合,1199925-10,Y8469968R,2025-11-26,200.0,0,GC25,"{datetime.datetime(2025, 11, 27, 0, 0): 200}",4
GC07,PCB-2502 POWER-SW BD,POWER-SW集合,1199925-20,Y8469968R,2025-11-26,200.0,0,GC25,"{datetime.datetime(2025, 11, 27, 0, 0): 200}",4
GC07,PCB-2503 EXTERNAL-IO BD,EXTERNAL-IO集合,1199926-10,Y8469970R,2025-11-26,100.0,0,GC25,"{datetime.datetime(2025, 11, 27, 0, 0): 90, datetime.datetime(2025, 11, 28, 0, 0): 10}",2
GC07,VCB-T2C4,DCP-122Z集合,1200008-10,Y8470730R,2025-12-02,2400.0,0,GT13,"{datetime.datetime(2025, 11, 28, 0, 0): 2400}",20
GC07,VCB-T2C4,DCP-122Z集合,1200010-10,Y8470730R,2025-12-02,800.0,0,GT13,"{datetime.datetime(2025, 11, 28, 0, 0): 800}",20
GC07,VCB-T2C4,DCP-122Z集合,1200008-20,Y8470730R,2025-12-02,2400.0,0,GT13,"{datetime.datetime(2025, 11, 28, 0, 0): 1600, datetime.datetime(2025, 12, 1, 0, 0): 800}",20
GC07,VCB-T2C4,DCP-122Z集合,1200010-20,Y8470730R,2025-12-02,800.0,0,GT13,"{datetime.datetime(2025, 12, 1, 0, 0): 800}",20
GC07,VCB-T2C4,DCP-122Z集合,1200031-10,Y8470730R,2025-12-02,1180.0,0,GT13,"{datetime.datetime(2025, 12, 1, 0, 0): 1180}",20
GC07,VCB-T2C4,DCP-122Z集合,1200031-20,Y8470730R,2025-12-02,1180.0,0,GT13,"{datetime.datetime(2025, 12, 1, 0, 0): 1180}",20
GC07,FH1502D0F,MAIN集合,1199870-10,Y8469922R,2025-12-02,60.0,0,GC18,"{datetime.datetime(2025, 12, 4, 0, 0): 60}",2
GC07,FH1502D0F,MAIN集合,1199870-20,Y8469922R,2025-12-02,60.0,0,GC18,"{datetime.datetime(2025, 12, 4, 0, 0): 60}",2
GC07,FH1344,MAIN,1199882-10,Y8469926RA,2025-12-03,20.0,0,GC18,"{datetime.datetime(2025, 12, 4, 0, 0): 20}",1
GC07,FH1344,MAIN,1199882-20,Y8469926RA,2025-12-03,20.0,0,GC18,"{datetime.datetime(2025, 12, 4, 0, 0): 20}",1
GC07,VCB-T5C4L,DCP-122Z集合,1200012-10,Y8470734R,2025-12-02,1360.0,0,GT13,"{datetime.datetime(2025, 12, 4, 0, 0): 1360}",20
GC07,VCB-T5C4L,DCP-122Z集合,1200013-10,Y8470734R,2025-12-02,3000.0,0,GT13,"{datetime.datetime(2025, 12, 5, 0, 0): 3000}",20
GC07,VCB-T5C4L,DCP-122Z集合,1200012-20,Y8470734R,2025-12-02,1360.0,0,GT13,"{datetime.datetime(2025, 12, 5, 0, 0): 1360}",20
GC07,VCB-T5C4L,DCP-122Z集合,1200013-20,Y8470734R,2025-12-02,3000.0,0,GT13,"{datetime.datetime(2025, 12, 5, 0, 0): 3000}",20
GC07,OPERATION_UNIT,KEY,1199927-10,Y8469973R,2025-12-02,100.0,0,GC25,"{datetime.datetime(2025, 12, 5, 0, 0): 100}",1
GC07,OPERATION_UNIT,KEY,1199928-10,Y8469973R,2025-12-02,100.0,0,GC25,"{datetime.datetime(2025, 12, 5, 0, 0): 100}",1
GC07,OPERATION_UNIT,KEY,1199927-20,Y8469973R,2025-12-02,100.0,0,GC25,"{datetime.datetime(2025, 12, 5, 0, 0): 100}",1
GC07,OPERATION_UNIT,KEY,1199928-20,Y8469973R,2025-12-02,100.0,0,GC25,"{datetime.datetime(2025, 12, 5, 0, 0): 100}",1
GC07,XGMU-SNMP(FULL),MAIN,1199425-10,Y8469622M,2025-12-02,21.0,0,GC02,"{datetime.datetime(2025, 12, 5, 0, 0): 21}",1
GC07,XGMU-SNMP(FULL),MAIN,1199425-20,Y8469622M,2025-12-02,21.0,0,GC02,"{datetime.datetime(2025, 12, 5, 0, 0): 21}",1
GC07,FH1578B0F,MAIN,-10,Y8469896R,2026-01-07,120.0,0,GC18,"{datetime.datetime(2025, 11, 14, 0, 0): 'GC18', datetime.datetime(2025, 11, 15, 0, 0): 'GC06', datetime.datetime(2025, 11, 19, 0, 0): 120}",1
GC07,FH1578B0F,MAIN,-20,Y8469896R,2026-01-07,120.0,0,GC18,"{datetime.datetime(2025, 11, 14, 0, 0): 'GC18', datetime.datetime(2025, 11, 15, 0, 0): 'GC06', datetime.datetime(2025, 11, 19, 0, 0): 120}",1
GC07,FH2223,MAIN,1198883-10,Y8469896R,2025-10-14,140.0,0,GC18,"{datetime.datetime(2025, 11, 17, 0, 0): 120}",1
GC07,FH2223,FH2223基板,1198883-20,Y8470561R,2025-10-14,120.0,0,GC18,"{datetime.datetime(2025, 11, 17, 0, 0): 120}",1
GC07,FH2223,FH2223基板,1199304-10,Y8470561R,2025-11-07,120.0,0,GC18,"{datetime.datetime(2025, 11, 17, 0, 0): 133}",1
GC07,FH2223,FH2223基板,1199304-20,Y8470561R,2025-11-07,133.0,0,GC18,"{datetime.datetime(2025, 11, 17, 0, 0): 133}",1
GC07,FH2388,FH2388基板,1167363-10,Y8470738R,2023-01-10,,0,GC18,"{datetime.datetime(2025, 11, 17, 0, 0): 4}",1
GC07,FH2388,FH2388基板,1167363-20,Y8470629R,2023-01-10,4.0,0,GC18,"{datetime.datetime(2025, 11, 17, 0, 0): 4}",1
GC07,PCB-2503 EXTERNAL-IO BD,POWER-SW集合,1199404-10,Y8469968R,2025-11-05,200.0,0,GC25,"{datetime.datetime(2025, 11, 18, 0, 0): 22}",2
GC07,PCB-2503 EXTERNAL-IO BD,EXTERNAL-IO集合,1199407-10,Y8469970R,2025-11-05,22.0,0,GC25,"{datetime.datetime(2025, 11, 18, 0, 0): 10}",2
GC07,OPERATION_UNIT,EXTERNAL-IO集合,1199398-10,Y8469970R,2025-11-05,100.0,0,GC25,"{datetime.datetime(2025, 11, 18, 0, 0): 100}",1
GC07,OPERATION_UNIT,KEY,1199398-20,Y8469973R,2025-11-05,100.0,0,GC25,"{datetime.datetime(2025, 11, 18, 0, 0): 100}",1
GC07,RECORDER_UNIT,KEY,1199411-10,Y8469973R,2025-11-13,100.0,0,GC25,"{datetime.datetime(2025, 11, 21, 0, 0): 30}",10
GC07,RECORDER_UNIT,MAIN集合,1199411-20,Y8469975R,2025-11-13,30.0,0,GC25,"{datetime.datetime(2025, 11, 21, 0, 0): 30}",10
GC07,RECORDER_UNIT,MAIN集合,1199894-10,Y8469975R,2025-11-13,50.0,0,GC25,"{datetime.datetime(2025, 11, 21, 0, 0): 150}",10
GC07,RECORDER_UNIT,MAIN集合,1199894-20,Y8469975R,2025-11-13,150.0,0,GC25,"{datetime.datetime(2025, 11, 21, 0, 0): 150}",10
GC07,PCB-2499 INPUT-BOX BD,INPUT-BOX,1199391-10,Y8470095R,2025-11-05,1.0,0,GC25,"{datetime.datetime(2025, 11, 24, 0, 0): 100}",1
GC07,PCB-2499 INPUT-BOX BD,INPUT-BOX,1199391-20,Y8469971R,2025-11-05,100.0,0,GC25,"{datetime.datetime(2025, 11, 24, 0, 0): 100}",1
GC07,PCB-2499 INPUT-BOX BD,INPUT-BOX,1199394-10,Y8469971R,2025-11-05,100.0,0,GC25,"{datetime.datetime(2025, 11, 24, 0, 0): 100}",1
GC07,PCB-2499 INPUT-BOX BD,INPUT-BOX,1199394-20,Y8469971R,2025-11-05,100.0,0,GC25,"{datetime.datetime(2025, 11, 24, 0, 0): 100}",1
GC07,FH1230B2F,MAIN集合,1199558-10,Y8469977R,2025-11-19,240.0,0,GC18,"{datetime.datetime(2025, 11, 19, 0, 0): 120}",10
GC07,FH1230B2F,MAIN集合,1199911-10,Y8469901R,2025-12-10,120.0,0,GC18,"{datetime.datetime(2025, 11, 19, 0, 0): 40}",10
GC07,FH1230B2F,MAIN集合,1199911-20,Y8469901R,2025-12-10,40.0,0,GC18,"{datetime.datetime(2025, 11, 19, 0, 0): 40}",10
GC07,FH1293B2F,MAIN集合,1199336-10,Y8469913R,2025-11-06,30.0,0,GC18,"{datetime.datetime(2025, 11, 19, 0, 0): 48}",1
GC07,FH1293B2F,MAIN,1199879-10,Y8469907R,2025-12-11,48.0,0,GC18,"{datetime.datetime(2025, 11, 19, 0, 0): 10}",1
GC07,FH1344,MAIN,1199486-10,Y8469907R,2025-10-29,20.0,0,GC18,"{datetime.datetime(2025, 11, 19, 0, 0): 11}",1
GC07,FH1344,MAIN,1199486-20,Y8469926RA,2025-10-29,11.0,0,GC18,"{datetime.datetime(2025, 11, 19, 0, 0): 11}",1
GC07,FH1412A0F,MAIN集合,1199130-10,Y8469960R,2025-10-27,,0,GC18,"{datetime.datetime(2025, 11, 19, 0, 0): 10}",1
GC07,FH1412A0F,MAIN,1199130-20,Y8469928R,2025-10-27,10.0,0,GC18,"{datetime.datetime(2025, 11, 19, 0, 0): 10}",1
GC07,FH1433B1F,MAIN,1199322-10,Y8469928R,2025-11-06,,0,GC18,"{datetime.datetime(2025, 11, 19, 0, 0): 184, datetime.datetime(2025, 11, 29, 0, 0): '1枚LEDフレキ基板\u3000MT：挿しなし'}",1
GC07,FH1436B3F,MAIN集合,1198215-10,Y8469898R,2025-09-17,30.0,0,GC18,"{datetime.datetime(2025, 11, 21, 0, 0): 60}",2
GC07,FH1436B3F,MAIN集合,1198215-20,Y8469899R,2025-09-17,60.0,0,GC18,"{datetime.datetime(2025, 11, 21, 0, 0): 60}",2
GC07,FH1816A0F,MAIN,1199320-10,Y8469943R,2025-11-11,,0,GC18,"{datetime.datetime(2025, 11, 19, 0, 0): 40}",1
GC07,FH1816A0F,ﾘﾓｰﾄIO,1199320-20,Y8470088R,2025-11-11,40.0,0,GC18,"{datetime.datetime(2025, 11, 19, 0, 0): 40}",1
GC07,FH1816A0F,ﾘﾓｰﾄIO,1199867-10,Y8470088R,2025-12-08,40.0,0,GC18,"{datetime.datetime(2025, 11, 19, 0, 0): 40}",1
GC07,FH1816A0F,ﾘﾓｰﾄIO,1199867-20,Y8470088R,2025-12-08,40.0,0,GC18,"{datetime.datetime(2025, 11, 19, 0, 0): 40}",1
GC07,FH1929A0F,MAIN集合,1189854-10,Y8470380R,2024-11-06,,0,GC18,"{datetime.datetime(2025, 11, 19, 0, 0): 270}",5
GC07,FH1929A0F,MAIN集合,1189854-20,Y8470156R,2024-11-06,270.0,0,GC18,"{datetime.datetime(2025, 11, 19, 0, 0): 270}",5
GC07,FH2125,MAIN集合,1199342-10,Y8470156R,2025-11-05,270.0,0,GC18,"{datetime.datetime(2025, 11, 19, 0, 0): 128}",4
GC07,FH2125,LEDフレキ,1199345-10,Y8470624R,2025-11-13,128.0,0,GC18,"{datetime.datetime(2025, 11, 19, 0, 0): 80}",4
GC07,FH2338,LED集合,1199340-10,Y8470625R,2025-11-13,20.0,0,GC18,"{datetime.datetime(2025, 11, 19, 0, 0): 624}",4
GC07,FH2338,FH2338集合,1199884-10,Y8470766R,2025-12-09,624.0,0,GC18,"{datetime.datetime(2025, 11, 19, 0, 0): 480}",4
GC07,FH2338,FH2338集合,1199886-10,Y8470766R,2025-12-19,480.0,0,GC18,"{datetime.datetime(2025, 11, 19, 0, 0): 480}",4
GC07,PLUM CPU,FH2338集合,1197607-10,Y8470766R,2025-07-22,578.0,0,GC07,"{datetime.datetime(2025, 11, 18, 0, 0): 4}",2
GC07,PLUM CPU,PLUM-MA集合,1197607-20,Y8469848R,2025-07-22,4.0,0,GC07,"{datetime.datetime(2025, 11, 18, 0, 0): 4}",2
GC07,VCB-N3A4B,MAIN,1198620-10,Y8469622M,2025-10-31,20.0,0,GT13,"{datetime.datetime(2025, 11, 16, 0, 0): 100}",20
GC07,VCB-N3A4B,DCP-77Z集合,1198620-20,Y8470252RA,2025-10-31,100.0,0,GT13,"{datetime.datetime(2025, 11, 16, 0, 0): 100}",20
GC07,VCB-H3C8,DCP-77Z集合,1198863-10,Y8470252RA,2025-10-06,6600.0,0,GT13,"{datetime.datetime(2025, 11, 17, 0, 0): 600}",20
GC07,VCB-H3C8,DCP-77Z集合,1198863-20,Y8470432R,2025-10-06,600.0,0,GT13,"{datetime.datetime(2025, 11, 17, 0, 0): 600}",20
GC07,VCB-H3C8,DCP-77Z集合,1198868-10,Y8470432R,2025-10-06,600.0,0,GT13,"{datetime.datetime(2025, 11, 17, 0, 0): 600}",20
GC07,VCB-H3C8,VPR-126Z集合,1198868-20,Y8470434R,2025-10-06,600.0,0,GT13,"{datetime.datetime(2025, 11, 17, 0, 0): 600}",20
GC07,VCB-T2C4,DCP-122Z集合,1200016-10,Y8470730R,2025-12-12,1980.0,0,GT13,"{datetime.datetime(2025, 11, 17, 0, 0): 2400}",20
GC07,VCB-T2C4,DCP-122Z集合,1200016-20,Y8470730R,2025-12-12,2400.0,0,GT13,"{datetime.datetime(2025, 11, 17, 0, 0): 2400}",20
GC07,VCB-T2C4,DCP-122Z集合,1200018-10,Y8470730R,2025-12-12,2400.0,0,GT13,"{datetime.datetime(2025, 11, 17, 0, 0): 2880}",20
GC07,VCB-T2C4,DCP-122Z集合,1200018-20,Y8470730R,2025-12-12,2880.0,0,GT13,"{datetime.datetime(2025, 11, 17, 0, 0): 2880}",20
GC07,VCB-T5C4F,DCP-122Z集合,1200015-10,Y8470732R,2025-12-12,4800.0,0,GT13,"{datetime.datetime(2025, 11, 17, 0, 0): 2200}",20
GC07,VCB-T5C4F,DCP-122Z集合,1200015-20,Y8470732R,2025-12-12,2200.0,0,GT13,"{datetime.datetime(2025, 11, 17, 0, 0): 2200}",20
GC07,VCB-T5C4L,DCP-122Z集合,1200020-10,Y8470734R,2025-12-19,3000.0,0,GT13,"{datetime.datetime(2025, 11, 17, 0, 0): 2800}",20
GC07,VCB-T5C4L,DCP-122Z集合,1200020-20,Y8470734R,2025-12-19,2800.0,0,GT13,"{datetime.datetime(2025, 11, 17, 0, 0): 2800}",20
GC07,VCB-H761B,DCP-122Z集合,1198099-10,Y8470736R,2026-01-08,3120.0,0,GT15,"{datetime.datetime(2025, 11, 18, 0, 0): 3840}",16
GC07,VCB-H761B,DCP-137Z集合,1198099-20,Y8470833R,2026-01-08,3840.0,0,GT15,"{datetime.datetime(2025, 11, 18, 0, 0): 3840}",16
GC07,VCB-H761B,DCP-137Z集合,1198100-10,Y8470833R,2026-01-08,3840.0,0,GT15,"{datetime.datetime(2025, 11, 18, 0, 0): 3840}",16
GC07,VCB-H761B,PS-977Z集合,1198100-20,Y8470835R,2026-01-08,3840.0,0,GT15,"{datetime.datetime(2025, 11, 18, 0, 0): 3840}",16
GC07,VCB-H761B,PS-977Z集合,,Y8470835R,2026-01-08,3840.0,0,GT15,"{datetime.datetime(2025, 11, 18, 0, 0): 384}",16
GC08,2EGTKB000300,DV1集合,1199446-20,Y8469495M,2025-11-14,64.0,0,GT11,"{datetime.datetime(2025, 11, 14, 0, 0): 64}",4
GC08,2EGTKB000300,DV2集合,1199447-10,Y8469497M,2025-11-14,64.0,0,GT11,"{datetime.datetime(2025, 11, 14, 0, 0): 64}",4
GC08,2EGTKB000300,DV2集合,1199447-20,Y8469497M,2025-11-14,64.0,0,GT11,"{datetime.datetime(2025, 11, 14, 0, 0): 64}",4
GC08,MA-E355/L REV2(SA-M1),AMM574-LTE集合,1199293-10,Y8470709R,2025-11-17,300.0,0,GC07,"{datetime.datetime(2025, 11, 14, 0, 0): 300}",2
GC08,MA-E355/L REV2(SA-M1),AMM574-LTE集合,1199293-20,Y8470709R,2025-11-17,300.0,0,GC07,"{datetime.datetime(2025, 11, 14, 0, 0): 300}",2
GC08,MA-E350/2L#NSTG,AMM574-2SIM集合,1199642-10,Y8470707R,2025-11-25,200.0,0,GC07,"{datetime.datetime(2025, 11, 26, 0, 0): 200}",2
GC08,MA-E350/2L#NSTG,AMM574-2SIM集合,1199642-20,Y8470707R,2025-11-25,200.0,0,GC07,"{datetime.datetime(2025, 11, 26, 0, 0): 200}",2
GC08,AAE004547-CAA,MAIN集合,1200074-10,Y8470680R,2025-11-25,960.0,0,GC09,"{datetime.datetime(2025, 11, 26, 0, 0): 960}",6
GC08,FW-T/FW-R,FW-R集合,1199826-10,Y8469802R,2025-12-02,200.0,0,GT20,"{datetime.datetime(2025, 12, 1, 0, 0): 200}",4
GC08,FW-T/FW-R,FW-T集合,1199824-10,Y8469800R,2025-12-02,200.0,0,GT20,"{datetime.datetime(2025, 12, 1, 0, 0): 200}",4
GC08,FW-T/FW-R,FW-R集合,1199826-20,Y8469802R,2025-12-02,200.0,0,GT20,"{datetime.datetime(2025, 12, 1, 0, 0): 100, datetime.datetime(2025, 12, 2, 0, 0): 100}",4
GC08,FW-T/FW-R,FW-T集合,1199824-20,Y8469800R,2025-12-02,200.0,0,GT20,"{datetime.datetime(2025, 12, 2, 0, 0): 200}",4
GC08,2EGTKA000300,DV集合,1199829-10,Y8469493M,2025-12-02,68.0,0,GT11,"{datetime.datetime(2025, 12, 2, 0, 0): 68}",4
GC08,2EGTKB000300,DV1集合,1199836-10,Y8469495M,2025-12-02,12.0,0,GT11,"{datetime.datetime(2025, 12, 2, 0, 0): 12}",4
GC08,2EGTKA000300,DV集合,1199829-20,Y8469493M,2025-12-02,68.0,0,GT11,"{datetime.datetime(2025, 12, 2, 0, 0): 68}",4
GC08,2EGTKB000300,DV1集合,1199836-20,Y8469495M,2025-12-02,12.0,0,GT11,"{datetime.datetime(2025, 12, 2, 0, 0): 12}",4
GC08,2EGTKB000300,DV2集合,1199838-10,Y8469497M,2025-12-02,12.0,0,GT11,"{datetime.datetime(2025, 12, 3, 0, 0): 12}",4
GC08,2EGTKB000300,DV2集合,1199838-20,Y8469497M,2025-12-02,12.0,0,GT11,"{datetime.datetime(2025, 12, 3, 0, 0): 12}",4
GC08,MA-E355/L REV2(SA-M1),AMM574-LTE集合,1199770-10,Y8470709R,2025-12-03,200.0,0,GC07,"{datetime.datetime(2025, 12, 3, 0, 0): 200}",2
GC08,MA-E355/L REV2(SA-M1),AMM574-LTE集合,1199770-20,Y8470709R,2025-12-03,200.0,0,GC07,"{datetime.datetime(2025, 12, 3, 0, 0): 200}",2
GC09,CN-SNDFJ0CJ,770AMAIN,1199143-20,Y8470811R,2025-11-05,1.0,0,GC03,"{datetime.datetime(2025, 11, 14, 0, 0): 1}",1
GC09,CN-SNDFJ0CJ,770AMAIN,1199787-20,Y8470811R,2025-11-14,460.0,0,GC03,"{datetime.datetime(2025, 11, 14, 0, 0): 200, datetime.datetime(2025, 11, 17, 0, 0): 260}",1
GC09,CN-SNDFJ0CJ,770AMAIN,1199788-20,Y8470811R,2025-11-14,430.0,0,GC03,"{datetime.datetime(2025, 11, 17, 0, 0): 315, datetime.datetime(2025, 11, 18, 0, 0): 115}",1
GC09,FVA-U3SX,MAIN集合,1199243-10,Y8469758RA,2025-11-18,1200.0,0,GC12,"{datetime.datetime(2025, 11, 18, 0, 0): 1200}",6
GC09,FVA-U3SX,MAIN集合,1199243-20,Y8469758RA,2025-11-18,1200.0,0,GC12,"{datetime.datetime(2025, 11, 18, 0, 0): 1200}",6
GC09,CN-SNDFJ0CJ,770AMAIN,1199789-20,Y8470811R,2025-11-14,400.0,0,GC03,"{datetime.datetime(2025, 11, 19, 0, 0): 400}",1
GC09,CN-SNDFJ0CJ,770AMAIN,1199790-20,Y8470811R,2025-11-19,400.0,0,GC03,"{datetime.datetime(2025, 11, 19, 0, 0): 75, datetime.datetime(2025, 11, 20, 0, 0): 325}",1
GC09,CN-SNDFJ0CJ,770AMAIN,1199966-20,Y8470811R,2025-11-20,400.0,0,GC03,"{datetime.datetime(2025, 11, 20, 0, 0): 250, datetime.datetime(2025, 11, 21, 0, 0): 150}",1
GC09,CN-SNDFJ0CJ,770AMAIN,1199967-20,Y8470811R,2025-11-20,400.0,0,GC03,"{datetime.datetime(2025, 11, 21, 0, 0): 400}",1
GC09,CN-SNDFJ0CJ,770AMAIN,1199968-20,Y8470811R,2025-11-20,400.0,0,GC03,"{datetime.datetime(2025, 11, 21, 0, 0): 25, datetime.datetime(2025, 11, 25, 0, 0): 375}",1
GC09,FVA-U3SX,MAIN集合,1199726-10,Y8469758RA,2025-11-26,1200.0,0,GC12,"{datetime.datetime(2025, 11, 25, 0, 0): 1200}",6
GC09,FVA-U3SX,MAIN集合,1199726-20,Y8469758RA,2025-11-26,1200.0,0,GC12,"{datetime.datetime(2025, 11, 25, 0, 0): 1200}",6
GC09,CN-SNDFJ0CJ,770AMAIN,1199969-20,Y8470811R,2025-11-26,400.0,0,GC03,"{datetime.datetime(2025, 11, 27, 0, 0): 400}",1
GC09,CN-SNDFJ0CJ,770AMAIN,1199970-20,Y8470811R,2025-11-26,400.0,0,GC03,"{datetime.datetime(2025, 11, 28, 0, 0): 400}",1
GC09,EA-2406A-A,MAIN,1199897-10,Y8469665R,2025-12-02,40.0,0,GC04,"{datetime.datetime(2025, 12, 1, 0, 0): 40}",1
GC09,EA-2406A-A,MAIN,1199897-20,Y8469665R,2025-12-02,40.0,0,GC04,"{datetime.datetime(2025, 12, 1, 0, 0): 40}",1
GC09,FVA-U3SX,MAIN集合,1199893-10,Y8469758RA,2025-12-03,1200.0,0,GC12,"{datetime.datetime(2025, 12, 3, 0, 0): 1200}",6
GC09,FVA-U3SX,MAIN集合,1199893-20,Y8469758RA,2025-12-03,1200.0,0,GC12,"{datetime.datetime(2025, 12, 3, 0, 0): 1200}",6
GC09,CN-SNDDJ0CJ,410BMAIN,1199667-20,Y8470720R,2025-11-07,1.0,0,GC03,"{datetime.datetime(2025, 11, 16, 0, 0): 1}",1
GC09,CI-1200A-A,MAIN集合,1191504-10,Y8470005R,2024-12-20,100.0,0,GC04,"{datetime.datetime(2025, 11, 28, 0, 0): 100}",2
GC09,CI-1200A-A,MAIN集合,1191504-20,Y8470005R,2024-12-20,100.0,0,GC04,"{datetime.datetime(2025, 11, 28, 0, 0): 100}",2
GC09,CI-1300A-A,MAIN集合,1198378-10,Y8470009R,2025-09-19,200.0,0,GC04,"{datetime.datetime(2025, 11, 19, 0, 0): 200}",2
GC09,CI-1300A-A,MAIN集合,1198378-20,Y8470009R,2025-09-19,200.0,0,GC04,"{datetime.datetime(2025, 11, 19, 0, 0): 200}",2
GC09,CI-1300A-A,MAIN集合,-10,Y8470009R,2026-03-23,150.0,0,GC04,"{datetime.datetime(2025, 11, 19, 0, 0): 150}",2
GC09,CI-1300A-A,MAIN集合,-20,Y8470009R,2026-03-23,150.0,0,GC04,"{datetime.datetime(2025, 11, 19, 0, 0): 150}",2
GC09,EA-2406A-A,MAIN集合,1198695-10,Y8470011R,2025-10-20,100.0,0,GC04,"{datetime.datetime(2025, 11, 23, 0, 0): 60}",1
GC09,EA-2406A-A,MAIN,1198695-20,Y8469665R,2025-10-20,60.0,0,GC04,"{datetime.datetime(2025, 11, 23, 0, 0): 60}",1
GC09,TM-120,MAIN集合,1192202-10,Y8469964R,2025-01-14,175.0,0,GC04,"{datetime.datetime(2025, 11, 18, 0, 0): 50}",1
GC09,TM-120,MAIN,1192202-20,Y8470224R,2025-01-14,50.0,0,GC04,"{datetime.datetime(2025, 11, 18, 0, 0): 50}",1
GC09,TM-300,MAIN,1197434-10,Y8470224R,2025-08-04,50.0,0,GC04,"{datetime.datetime(2025, 11, 23, 0, 0): 100}",1
GC09,TM-300,MAIN集合,1197434-20,Y8470452R,2025-08-04,100.0,0,GC04,"{datetime.datetime(2025, 11, 23, 0, 0): 100}",1
GC09,BSR03RP,コントローラー集合,1189217-10,Y8470519R,2024-09-09,30.0,0,GC27,"{datetime.datetime(2025, 11, 17, 0, 0): 100}",2
GC09,BSR03RP,HANDY集合,1189217-20,Y8469996R,2024-09-09,100.0,0,GC27,"{datetime.datetime(2025, 11, 17, 0, 0): 100}",2
GC09,BSR031N,HANDY集合,1189399-10,Y8469996R,2024-09-30,100.0,0,GC27,"{datetime.datetime(2025, 11, 17, 0, 0): 200}",2
GC09,BSR031N,BASE集合,1189399-20,Y8469987R,2024-09-30,200.0,0,GC27,"{datetime.datetime(2025, 11, 17, 0, 0): 200}",2
GC09,BSR031N,BASE集合,1198093-10,Y8469987R,2025-09-02,200.0,0,GC27,"{datetime.datetime(2025, 11, 17, 0, 0): 20}",2
GC09,BSR031N,HANDY集合,1198093-20,Y8469989R,2025-09-02,20.0,0,GC27,"{datetime.datetime(2025, 11, 17, 0, 0): 20}",2
GC09,BSR031N,HANDY集合,1198096-10,Y8469989R,2025-09-02,20.0,0,GC27,"{datetime.datetime(2025, 11, 21, 0, 0): 480}",2
GC09,BSR031N,HANDY集合,1198096-20,Y8469989R,2025-09-02,480.0,0,GC27,"{datetime.datetime(2025, 11, 21, 0, 0): 480}",2
GC09,BSR03NC,HANDY集合,1199417-10,Y8469989R,2025-11-05,480.0,0,GC27,"{datetime.datetime(2025, 11, 17, 0, 0): 300}",2
GC09,BSR03NC,BASE集合,1199417-20,Y8470000R,2025-11-05,300.0,0,GC27,"{datetime.datetime(2025, 11, 17, 0, 0): 300}",2
GC09,TS-2910-20,BASE集合,1198349-10,Y8470000R,2025-10-07,300.0,0,GC16,"{datetime.datetime(2025, 11, 18, 0, 0): 40}",1
GC09,TS-2910-20,SGMCA,1198349-20,Y8469983RA,2025-10-07,40.0,0,GC16,"{datetime.datetime(2025, 11, 18, 0, 0): 40}",1
GC09,TS-2910-20,SGMCA,1199769-10,Y8469983RA,2025-12-10,40.0,0,GC16,"{datetime.datetime(2025, 11, 18, 0, 0): 10}",1
GC09,TS-2910-20,SGMCA,1199769-20,Y8469983RA,2025-12-10,10.0,0,GC16,"{datetime.datetime(2025, 11, 18, 0, 0): 10}",1
GC09,TS-2910-22,SGMCA,1198346-10,Y8469983RA,2025-10-08,50.0,0,GC16,"{datetime.datetime(2025, 11, 18, 0, 0): 10}",1
GC09,TS-2910-22,SGMCB,1198346-20,Y8469985RA,2025-10-08,10.0,0,GC16,"{datetime.datetime(2025, 11, 18, 0, 0): 10}",1
GC09,TS-2912-12,SGMCB,1196104-10,Y8469985RA,2025-06-03,10.0,0,GC16,"{datetime.datetime(2025, 11, 18, 0, 0): 50}",3
GC09,TS-2912-12,DDC集合,1196104-20,Y8470208R,2025-06-03,50.0,0,GC16,"{datetime.datetime(2025, 11, 18, 0, 0): 50}",3
GC09,TS-2912-12,DDC集合,1196102-10,Y8470208R,2025-06-03,50.0,0,GC16,"{datetime.datetime(2025, 11, 18, 0, 0): 50}",1
GC09,TS-2912-12,MAIN,1196102-20,Y8470206R,2025-06-03,50.0,0,GC16,"{datetime.datetime(2025, 11, 18, 0, 0): 50}",1
GC09,TS-2912-10,MAIN,1198343-10,Y8470206R,2025-10-03,50.0,0,GC16,"{datetime.datetime(2025, 11, 19, 0, 0): 10}",1
GC09,TS-2912-10,MAIN,1198343-20,Y8470378R,2025-10-03,10.0,0,GC16,"{datetime.datetime(2025, 11, 19, 0, 0): 10}",1
